scale_label,collection_name,config_name,documents_inserted,elapsed_seconds
sf1,watchitems,watchitem_g2,11918372,1245.3602895349904
sf1,watchitems,watchitem_g3,11918372,1269.3062105930003
sf1,watchitems,watchitem_g4,11918372,5064.494346347012
sf1,watchitems,watchitem_g5,11918372,5832.7352731489955
sf1,watchitems,watchitem_g6,11918372,5834.409847948002
sf1,watchitems,watchitem_g0,11918372,1173.3285018440074
sf1,series,series_g8,287707,535.9108557250001
sf1,series,series_g9,287707,541.5990455879946
