scale_label,collection_name,config_name,documents_inserted,elapsed_seconds
sf0.25,watchitems,watchitem_g2,3119040,303.3965328560007
sf0.25,watchitems,watchitem_g3,3119040,312.8877860549983
sf0.25,watchitems,watchitem_g4,3119040,1287.6511379389995
sf0.25,watchitems,watchitem_g5,3119040,1522.4624319959985
sf0.25,watchitems,watchitem_g6,3119040,1527.4441619880017
sf0.25,watchitems,watchitem_g0,3119040,283.7682837609973
sf0.25,series,series_g8,186514,143.70481910599483
sf0.25,series,series_g9,186514,145.99898596399726
