scale_label,collection_name,config_name,documents_inserted,elapsed_seconds
sf0.5,watchitems,watchitem_g2,6067595,618.2302236730029
sf0.5,watchitems,watchitem_g3,6067595,634.7821178680024
sf0.5,watchitems,watchitem_g4,6067595,2539.7357901789946
sf0.5,watchitems,watchitem_g5,6067595,2964.8996778319997
sf0.5,watchitems,watchitem_g6,6067595,2972.661004161011
sf0.5,watchitems,watchitem_g0,6067595,591.0543696120003
sf0.5,series,series_g8,230194,276.01499805600906
sf0.5,series,series_g9,230194,277.9933278679964
