entity,n_relationships_as_target,n_relationships_as_source,target_reuse_mean_raw,target_reuse_max_raw,source_fanout_mean_raw,source_fanout_max_raw,entity_sharedness_mean,entity_sharedness_max,entity_source_fanout_mean,entity_source_fanout_max
Place,5,1,518.5168103356585,20470.0,12.427350427350428,199.0,0.3810528521497726,1.0,0.28419637859573577,0.31240188383045525
TagClass,2,1,131.5195246179966,5061.0,1.0,1.0,0.09665239191884181,0.24723986321446018,0.022868621936520693,0.0015698587127158557
Person,5,7,62.519541698739125,2179.0,16.788145433953748,637.0,0.04594499002641661,0.10644846116267709,0.38392175094441444,1.0
Tag,4,1,11.139878208545625,1064.0,1.0,1.0,0.00818658581429503,0.051978505129457744,0.022868621936520693,0.0015698587127158557
Post,2,4,3.3040741180662785,338.0,2.6112373043687347,19.0,0.002428131241470024,0.01651196873473376,0.059715398700148005,0.029827315541601257
Comment,3,4,5.078848471956321,269.0,2.040288720721014,19.0,0.0037323952807290085,0.013141182217879825,0.04665859139551631,0.029827315541601257
Organisation,2,1,2.7618783813829393,32.0,1.0,1.0,0.0020296769816112383,0.0015632633121641427,0.022868621936520693,0.0015698587127158557
Forum,0,4,0.0,0.0,6.588141481736901,340.0,0.0,0.0,0.15066171681015042,0.533751962323391
